Ad Group,Keyword,Campaign,Criterion Type
sofas,sofas buy,SEM_Sofas,Exact
sofas,buy sofas,SEM_Sofas,Exact
sofas,sofas promotion,SEM_Sofas,Exact
sofas,promotion sofas,SEM_Sofas,Exact
sofas,sofas cheap,SEM_Sofas,Exact
sofas,cheap sofas,SEM_Sofas,Exact
sofas,sofas offer,SEM_Sofas,Exact
sofas,offer sofas,SEM_Sofas,Exact
sofas,sofas purchase,SEM_Sofas,Exact
sofas,purchase sofas,SEM_Sofas,Exact
sofas,sofas sale,SEM_Sofas,Exact
sofas,sale sofas,SEM_Sofas,Exact
convertible sofas,convertible sofas buy,SEM_Sofas,Exact
convertible sofas,buy convertible sofas,SEM_Sofas,Exact
convertible sofas,convertible sofas promotion,SEM_Sofas,Exact
convertible sofas,promotion convertible sofas,SEM_Sofas,Exact
convertible sofas,convertible sofas cheap,SEM_Sofas,Exact
convertible sofas,cheap convertible sofas,SEM_Sofas,Exact
convertible sofas,convertible sofas offer,SEM_Sofas,Exact
convertible sofas,offer convertible sofas,SEM_Sofas,Exact
convertible sofas,convertible sofas purchase,SEM_Sofas,Exact
convertible sofas,purchase convertible sofas,SEM_Sofas,Exact
convertible sofas,convertible sofas sale,SEM_Sofas,Exact
convertible sofas,sale convertible sofas,SEM_Sofas,Exact
love seats,love seats buy,SEM_Sofas,Exact
love seats,buy love seats,SEM_Sofas,Exact
love seats,love seats promotion,SEM_Sofas,Exact
love seats,promotion love seats,SEM_Sofas,Exact
love seats,love seats cheap,SEM_Sofas,Exact
love seats,cheap love seats,SEM_Sofas,Exact
love seats,love seats offer,SEM_Sofas,Exact
love seats,offer love seats,SEM_Sofas,Exact
love seats,love seats purchase,SEM_Sofas,Exact
love seats,purchase love seats,SEM_Sofas,Exact
love seats,love seats sale,SEM_Sofas,Exact
love seats,sale love seats,SEM_Sofas,Exact
recliners,recliners buy,SEM_Sofas,Exact
recliners,buy recliners,SEM_Sofas,Exact
recliners,recliners promotion,SEM_Sofas,Exact
recliners,promotion recliners,SEM_Sofas,Exact
recliners,recliners cheap,SEM_Sofas,Exact
recliners,cheap recliners,SEM_Sofas,Exact
recliners,recliners offer,SEM_Sofas,Exact
recliners,offer recliners,SEM_Sofas,Exact
recliners,recliners purchase,SEM_Sofas,Exact
recliners,purchase recliners,SEM_Sofas,Exact
recliners,recliners sale,SEM_Sofas,Exact
recliners,sale recliners,SEM_Sofas,Exact
sofa bed,sofa bed buy,SEM_Sofas,Exact
sofa bed,buy sofa bed,SEM_Sofas,Exact
sofa bed,sofa bed promotion,SEM_Sofas,Exact
sofa bed,promotion sofa bed,SEM_Sofas,Exact
sofa bed,sofa bed cheap,SEM_Sofas,Exact
sofa bed,cheap sofa bed,SEM_Sofas,Exact
sofa bed,sofa bed offer,SEM_Sofas,Exact
sofa bed,offer sofa bed,SEM_Sofas,Exact
sofa bed,sofa bed purchase,SEM_Sofas,Exact
sofa bed,purchase sofa bed,SEM_Sofas,Exact
sofa bed,sofa bed sale,SEM_Sofas,Exact
sofa bed,sale sofa bed,SEM_Sofas,Exact
sofas,sofas buy,SEM_Sofas,Phrase
sofas,buy sofas,SEM_Sofas,Phrase
sofas,sofas promotion,SEM_Sofas,Phrase
sofas,promotion sofas,SEM_Sofas,Phrase
sofas,sofas cheap,SEM_Sofas,Phrase
sofas,cheap sofas,SEM_Sofas,Phrase
sofas,sofas offer,SEM_Sofas,Phrase
sofas,offer sofas,SEM_Sofas,Phrase
sofas,sofas purchase,SEM_Sofas,Phrase
sofas,purchase sofas,SEM_Sofas,Phrase
sofas,sofas sale,SEM_Sofas,Phrase
sofas,sale sofas,SEM_Sofas,Phrase
convertible sofas,convertible sofas buy,SEM_Sofas,Phrase
convertible sofas,buy convertible sofas,SEM_Sofas,Phrase
convertible sofas,convertible sofas promotion,SEM_Sofas,Phrase
convertible sofas,promotion convertible sofas,SEM_Sofas,Phrase
convertible sofas,convertible sofas cheap,SEM_Sofas,Phrase
convertible sofas,cheap convertible sofas,SEM_Sofas,Phrase
convertible sofas,convertible sofas offer,SEM_Sofas,Phrase
convertible sofas,offer convertible sofas,SEM_Sofas,Phrase
convertible sofas,convertible sofas purchase,SEM_Sofas,Phrase
convertible sofas,purchase convertible sofas,SEM_Sofas,Phrase
convertible sofas,convertible sofas sale,SEM_Sofas,Phrase
convertible sofas,sale convertible sofas,SEM_Sofas,Phrase
love seats,love seats buy,SEM_Sofas,Phrase
love seats,buy love seats,SEM_Sofas,Phrase
love seats,love seats promotion,SEM_Sofas,Phrase
love seats,promotion love seats,SEM_Sofas,Phrase
love seats,love seats cheap,SEM_Sofas,Phrase
love seats,cheap love seats,SEM_Sofas,Phrase
love seats,love seats offer,SEM_Sofas,Phrase
love seats,offer love seats,SEM_Sofas,Phrase
love seats,love seats purchase,SEM_Sofas,Phrase
love seats,purchase love seats,SEM_Sofas,Phrase
love seats,love seats sale,SEM_Sofas,Phrase
love seats,sale love seats,SEM_Sofas,Phrase
recliners,recliners buy,SEM_Sofas,Phrase
recliners,buy recliners,SEM_Sofas,Phrase
recliners,recliners promotion,SEM_Sofas,Phrase
recliners,promotion recliners,SEM_Sofas,Phrase
recliners,recliners cheap,SEM_Sofas,Phrase
recliners,cheap recliners,SEM_Sofas,Phrase
recliners,recliners offer,SEM_Sofas,Phrase
recliners,offer recliners,SEM_Sofas,Phrase
recliners,recliners purchase,SEM_Sofas,Phrase
recliners,purchase recliners,SEM_Sofas,Phrase
recliners,recliners sale,SEM_Sofas,Phrase
recliners,sale recliners,SEM_Sofas,Phrase
sofa bed,sofa bed buy,SEM_Sofas,Phrase
sofa bed,buy sofa bed,SEM_Sofas,Phrase
sofa bed,sofa bed promotion,SEM_Sofas,Phrase
sofa bed,promotion sofa bed,SEM_Sofas,Phrase
sofa bed,sofa bed cheap,SEM_Sofas,Phrase
sofa bed,cheap sofa bed,SEM_Sofas,Phrase
sofa bed,sofa bed offer,SEM_Sofas,Phrase
sofa bed,offer sofa bed,SEM_Sofas,Phrase
sofa bed,sofa bed purchase,SEM_Sofas,Phrase
sofa bed,purchase sofa bed,SEM_Sofas,Phrase
sofa bed,sofa bed sale,SEM_Sofas,Phrase
sofa bed,sale sofa bed,SEM_Sofas,Phrase
